BEGIN TRANSACTION;

-- ==========================================
-- A. INSERT VARIABLES (77 Total)
-- ==========================================
INSERT INTO "ScorecardConfig" (id, module, var_name, coefficient, type) VALUES
(1, 'Application', 'RATIO_EXP_AGE_WOE', -2.0704088, 'NUMERIC'),
(2, 'Application', 'INDUSTRY_CATG_WOE', -0.8335912, 'CATEGORICAL'),
(3, 'Application', 'COLLATERAL_TYPE_DRV_WOE', -0.9627465, 'CATEGORICAL'),
(4, 'Application', 'COMPANY_CATG_WOE', -1.0774083, 'CATEGORICAL'),
(5, 'Application', 'CUST_VINTAGE_MEAN_WOE', -1.1287911, 'NUMERIC'),
(6, 'Bureau Commercial', 'wctl_util_3mo_max_woe', -1.0469705, 'NUMERIC'),
(7, 'Bureau Commercial', 'MAX_dpd_15mo_max1_woe', -0.7052159, 'NUMERIC'),
(8, 'Bureau Commercial', 'MIN_msince2_DPD_0+ woe', -0.6993027, 'NUMERIC'),
(9, 'Bureau Commercial', 'MAX_relationship_months woe', -2.2392974, 'NUMERIC'),
(10, 'Bureau Commercial', 'new_sec_acc_6mo_woe', -0.9757448, 'NUMERIC'),
(11, 'Bureau Individual', 'mi_mf_dpdR_msince1_060+_woe', -1.8889165, 'NUMERIC'),
(12, 'Bureau Individual', 'Ac_rlen_mean_woe', -0.7473817, 'NUMERIC'),
(13, 'Bureau Individual', 'Mc_enq_12mo_woe', -1.0442629, 'NUMERIC'),
(14, 'Bureau Individual', 'mi_enqmsince_sec_woe', -0.5225601, 'NUMERIC'),
(15, 'Bureau Individual', 'Mc_util1_max_sq_woe', -1.0556773, 'NUMERIC'),
(16, 'Bureau Individual', 'IN_util_dpd_recency_6mo_90plus_woe', -1.0029961, 'NUMERIC'),
(17, 'Bureau Individual', 'IN_secured_acct_ratio_woe', -1.0054407, 'NUMERIC'),
(18, 'Cash Flow', 'RT_CH_TXN_TO_TOT_TXN', 0.15, 'NUMERIC'),
(19, 'Cash Flow', 'AVG_CR_TXN_TO_DEBIT_TXN', 0.15, 'NUMERIC'),
(20, 'Cash Flow', 'CASH_DB_TXN_TO_OVR_TXN', 0.2, 'NUMERIC'),
(21, 'Cash Flow', 'BALMARG_M1_M6_CURR_BAL', 0.15, 'NUMERIC'),
(22, 'Cash Flow', 'AVG_MOM_GROWTH_CURR_BAL', 0.1, 'NUMERIC'),
(23, 'Cash Flow', 'TOT_BOUNCES(I/W+O/W)_L6M', 0.15, 'NUMERIC'),
(24, 'Cash Flow', 'AVG_RATIO_(CR/DT)_L6M', 0.1, 'NUMERIC'),
(25, 'Financial', 'rt_atnw to_total_bank_borrowings_Latest_woe', -0.78914, 'NUMERIC'),
(26, 'Financial', 'DSCR_Latest_woe', -0.493728, 'NUMERIC'),
(27, 'Financial', 'rt_revenue_to_wc_Latest_woe', -0.508657, 'NUMERIC'),
(28, 'Financial', 'rt_toi_to_net_sales_Latest_woe', -0.698046, 'NUMERIC'),
(29, 'Financial', 'QUICK_RATIO_Latest_industryScaled_woe', -0.642275, 'CATEGORICAL'),
(30, 'Financial', 'rt_cash_and_bank_balance_to_total_assets_woe', -0.420713, 'NUMERIC'),
(31, 'Financial', 'inventory_days_latest_woe', -0.473057, 'NUMERIC'),
(32, 'Internal Deposit', 'BALMAG_M1 M6_CURR_BAL_woe', -0.8990312, 'NUMERIC'),
(33, 'Internal Deposit', 'RATIO_M1_M3 CASH_DR CNT_DR CNT_woe', -1.4478949, 'NUMERIC'),
(34, 'Internal Deposit', 'STDev_M2_M4_MoM_Growth_MON_MAX_BAL_woe', -0.8526208, 'NUMERIC'),
(35, 'Internal Deposit', 'MT75PERC_WD_COUNT_ M1_M9_CURR_BAL_woe', -1.138042, 'NUMERIC'),
(36, 'Internal Deposit', 'AVG_M2_M7_MoM_Growth_MON_DR_CNT_Woe', -0.9627996, 'NUMERIC'),
(37, 'Internal Deposit', 'AVG_RATIO_M1_M6_CR_AMT_DR_AMT_woe', -0.4268153, 'NUMERIC'),
(38, 'Base Survey', 'BO5', 0.064, 'CATEGORICAL'),
(39, 'Base Survey', 'BO28', 0.05, 'CATEGORICAL'),
(40, 'Base Survey', 'BO37', 0.049, 'CATEGORICAL'),
(41, 'Base Survey', 'OM8', 0.05, 'CATEGORICAL'),
(42, 'Base Survey', 'BS01', 0.0263473324954102, 'CATEGORICAL'),
(43, 'Base Survey', 'BP01', 0.029, 'CATEGORICAL'),
(44, 'Base Survey', 'BP05', 0.031, 'CATEGORICAL'),
(45, 'Base Survey', 'F01', 0.028, 'CATEGORICAL'),
(46, 'Base Survey', 'F06', 0.017, 'CATEGORICAL'),
(47, 'Base Survey', 'F18', 0.056, 'CATEGORICAL'),
(48, 'Base Survey', 'F02', 0.044, 'CATEGORICAL'),
(49, 'Base Survey', 'F22', 0.039, 'CATEGORICAL'),
(50, 'Base Survey', 'F20', 0.055, 'CATEGORICAL'),
(51, 'Base Survey', 'F12', 0.055, 'CATEGORICAL'),
(52, 'Base Survey', 'F40', 0.042, 'CATEGORICAL'),
(53, 'Base Survey', 'C17', 0.029, 'CATEGORICAL'),
(54, 'Base Survey', 'C07', 0.03, 'CATEGORICAL'),
(55, 'Base Survey', 'C14', 0.022, 'CATEGORICAL'),
(56, 'Base Survey', 'C19', 0.033, 'CATEGORICAL'),
(57, 'Base Survey', 'CR05', 0.034, 'CATEGORICAL'),
(58, 'Base Survey', 'CR14', 0.059, 'CATEGORICAL'),
(59, 'Base Survey', 'CR02', 0.037, 'CATEGORICAL'),
(60, 'Base Survey', 'I1', 0.047, 'CATEGORICAL'),
(61, 'Base Survey', 'I8', 0.075, 'CATEGORICAL'),
(62, 'Industry Survey Manufacturing', 'IM4', 0.17194175, 'CATEGORICAL'),
(63, 'Industry Survey Manufacturing', 'IM9', 0.08673152, 'CATEGORICAL'),
(64, 'Industry Survey Manufacturing', 'IM!4', 0.20029329, 'CATEGORICAL'),
(65, 'Industry Survey Manufacturing', 'IM15', 0.19088611, 'CATEGORICAL'),
(66, 'Industry Survey Manufacturing', 'IM16', 0.18943313, 'CATEGORICAL'),
(67, 'Industry Survey Manufacturing', 'IM17', 0.16071421, 'CATEGORICAL'),
(68, 'Industry Survey Services', 'IS2', 0.4, 'CATEGORICAL'),
(69, 'Industry Survey Services', 'IS4', 0.21, 'CATEGORICAL'),
(70, 'Industry Survey Services', 'IS6', 0.22, 'CATEGORICAL'),
(71, 'Industry Survey Services', 'IS7', 0.18, 'CATEGORICAL'),
(72, 'Industry Survey Trading', 'IT4', 0.271, 'CATEGORICAL'),
(73, 'Industry Survey Trading', 'IT5', 0.1, 'CATEGORICAL'),
(74, 'Industry Survey Trading', 'IT6', 0.15, 'CATEGORICAL'),
(75, 'Industry Survey Trading', 'IT8', 0.14, 'CATEGORICAL'),
(76, 'Industry Survey Trading', 'IT9', 0.2, 'CATEGORICAL'),
(77, 'Industry Survey Trading', 'IT10', 0.14, 'CATEGORICAL');

-- ==========================================
-- B. INSERT BINS (357 Rules)
-- ==========================================
INSERT INTO "ScorecardBin" (config_id, min_val, max_val, category_label, woe) VALUES
(1, 0.0, 0.02, NULL, -0.069), (1, 0.02, 0.09, NULL, -0.0429), (1, 0.09, 0.3, NULL, -0.0035), (1, 0.3, 1e+99, NULL, 0.0845), (1, NULL, NULL, 'NA', 0.0),
(2, NULL, NULL, 'TRADING', 0.2917), (2, NULL, NULL, 'MANUFACTURING', -0.2048), (2, NULL, NULL, 'SERVICES', 0.3661), (2, NULL, NULL, 'OTHERS', 0.299), (2, NULL, NULL, 'NA', 0.0),
(3, NULL, NULL, 'STOCKS', 1.249), (3, NULL, NULL, 'HYBRID/MULTIPLE TYPE', 0.0797), (3, NULL, NULL, 'MACHINERY', -0.1678), (3, NULL, NULL, 'MORTGAGE', -4327.0), (3, NULL, NULL, 'OTHERS', 0.1362), (3, NULL, NULL, 'MISSING', 0.0), (3, NULL, NULL, 'NA', 0.0),
(4, NULL, NULL, 'PARTNERSHIP', 0.3382), (4, NULL, NULL, 'PROPRIETORSHIP', -0.0863), (4, NULL, NULL, 'CO''S-PRIVATE', -0.1191), (4, NULL, NULL, 'OTHERS', -0.1053), (4, NULL, NULL, 'NA', 0.0),
(5, 0.0, 0.5, NULL, -0.1416), (5, 0.5, 2.0, NULL, -0.0691), (5, 2.0, 5.0, NULL, 0.0809), (5, 5.0, 1e+99, NULL, 0.2004), (5, NULL, NULL, 'NA', 0.0),
(6, -1e+99, 0.25, NULL, 1.1775686), (6, 0.25, 0.75, NULL, 0.9080776), (6, 0.75, 1.0, NULL, 0.5774407), (6, 1.0, 1e+99, NULL, -0.6684466), (6, NULL, NULL, 'NA', 0.0),
(7, -1e-99, 0.5, NULL, 0.1277082), (7, 0.5, 2.5, NULL, -0.1776699), (7, 2.5, 1e+99, NULL, -1.0894255), (7, NULL, NULL, 'NA', 0.0),
(8, -1e-99, 3.0, NULL, -0.9272485), (8, 3.0, 10.0, NULL, -0.287079), (8, 10.0, NULL, NULL, 0.5817999), (8, NULL, NULL, 'NA', 0.0),
(9, -1e-99, 1.0, NULL, -0.1420157), (9, 1.0, 60.0, NULL, 0.0464808), (9, 60.0, 150.0, NULL, 0.0903246), (9, 150.0, 1e+99, NULL, 0.132143), (9, NULL, NULL, 'NA', 0.0),
(10, 0.0, 0.5, NULL, 0.4150234), (10, 0.5, 1.5, NULL, -0.0437677), (10, 1.5, 2.5, NULL, -0.1085963), (10, 2.5, 1e+99, NULL, -0.6010727), (10, NULL, NULL, 'NA', 0.0),
(11, -1e+99, 2.5, NULL, 0.1317819), (11, 2.5, 1e+99, NULL, 0.1711335), (11, NULL, NULL, 'NA', 0.0),
(12, -1e+99, 24.0, NULL, -0.5419962), (12, 24.0, 92.09, NULL, -0.0057704), (12, 92.09, 100.0, NULL, 0.0582843), (12, 100.0, 140.0, NULL, 0.1225913), (12, 140.0, 1e+99, NULL, 0.8714491), (12, NULL, NULL, 'NA', 0.0),
(13, -1e+99, 1.0, NULL, 0.5329749), (13, 1.0, 7.0, NULL, -0.0860272), (13, 7.0, 1e+99, NULL, -0.1006989), (13, NULL, NULL, 'NA', 0.0),
(14, 0.0, 1e-06, NULL, -0.1548425), (14, 1e-06, 4.0, NULL, -0.1123985), (14, 4.0, 18.0, NULL, -0.0092647), (14, 18.0, 1e+99, NULL, 0.2501277), (14, NULL, NULL, 'NA', 0.0),
(15, 0.0, 1e-06, NULL, 0.2514528), (15, 1e-06, 1.0, NULL, 0.104194), (15, 1.0, 1e+99, NULL, -0.1424219), (15, NULL, NULL, 'NA', 0.0),
(16, -1e+99, -0.0002, NULL, 0.5278084), (16, -0.0002, 0.7773137, NULL, 0.0091777), (16, 0.777314, 2.458469, NULL, 0.0030979), (16, 2.458469, 1e+99, NULL, -0.6348629), (16, NULL, NULL, 'NA', 0.0),
(17, -1e+99, 0.159545, NULL, -0.2295469), (17, 0.159545, 0.707108, NULL, -0.0422408), (17, 0.707108, 0.764706, NULL, 0.2692737), (17, 0.764706, 1e+99, NULL, 0.3560977), (17, NULL, NULL, 'NA', 0.0),
(18, -1e+99, 0.015075, NULL, 0.036483005), (18, 0.015075, 0.069164, NULL, 0.058593918), (18, 0.069164, 0.150901, NULL, 0.072597496), (18, 0.150901, 1e+99, NULL, 0.09839356), (18, NULL, NULL, 'NA', 0.0),
(19, -1e+99, 0.33, NULL, 0.038694097), (19, 0.33, 0.53, NULL, 0.03611449), (19, 0.53, 1.75, NULL, 0.031323792), (19, 1.75, 1e+99, NULL, 0.007370304), (19, NULL, NULL, 'NA', 0.0),
(20, -1e+99, 0.03, NULL, 0.029455278), (20, 0.03, 0.1, NULL, 0.035513368), (20, 0.1, 1e+99, NULL, 0.047421831), (20, NULL, NULL, 'NA', 0.0),
(21, -1e+99, 0.25, NULL, 0.035306655), (21, 0.25, 0.5, NULL, 0.018540538), (21, 0.5, 1e+99, NULL, 0.007044928), (21, NULL, NULL, 'NA', 0.0),
(22, -1e+99, 0.165, NULL, 0.042831683), (22, 0.165, 1e+99, NULL, 0.028794409), (22, NULL, NULL, 'NA', 0.0),
(23, -1e+99, 0.0, NULL, 0.026690425), (23, 0.0, 9.0, NULL, 0.030977351), (23, 9.0, 20.0, NULL, 0.032967074), (23, 20.0, 1e+99, NULL, 0.038940859), (23, NULL, NULL, 'NA', 0.0),
(24, -1e+99, 0.0, NULL, 0.034555811), (24, 0.0, 1.01, NULL, 0.032941054), (24, 1.01, 1e+99, NULL, 0.027773829), (24, NULL, NULL, 'NA', 0.0),
(25, -1e+99, 0.5, NULL, -0.7835832), (25, 0.5, 1.0, NULL, -0.3784487), (25, 1.0, 6.0, NULL, 0.1442115), (25, 6.0, 1e+99, NULL, 0.1770874), (25, NULL, NULL, 'NA', 0.0),
(26, -1e+99, 1.0, NULL, -0.6943017), (26, 1.0, 1.58, NULL, -0.6038947), (26, 1.58, 2.0, NULL, 0.1143584), (26, 2.0, 1e+99, NULL, 0.154223), (26, NULL, NULL, 'NA', 0.0),
(27, -1e+99, 0.0107501, NULL, -0.4702712), (27, 0.01075, 2.3015633, NULL, -0.1417915), (27, 2.301563, 4.6007469, NULL, -0.1174432), (27, 4.600747, 9.7796483, NULL, -0.0892406), (27, 9.779648, 18.174802, NULL, 0.2421917), (27, 18.1748, 1e+99, NULL, 0.8734635), (27, NULL, NULL, 'NA', 0.0),
(28, -1e+99, 0.25, NULL, 0.3879557), (28, 0.25, 0.5, NULL, 0.3039486), (28, 0.5, 1.0, NULL, -0.0770957), (28, 1.0, 1e+99, NULL, -0.6367115), (28, NULL, NULL, 'NA', 0.0),
(29, NULL, NULL, 'NA', 0.8972425), (29, NULL, NULL, 'NA', -0.1999373), (29, NULL, NULL, 'NA', 0.0742146), (29, NULL, NULL, 'NA', 0.4602314), (29, NULL, NULL, 'NA', 0.0),
(30, -1e+99, 0.02, NULL, -0.3199272), (30, 0.02, 0.1, NULL, 0.2193236), (30, 0.1, 0.2, NULL, 0.2966799), (30, 0.2, 1e+99, NULL, 0.4355631), (30, NULL, NULL, 'NA', 0.0),
(31, -1e+99, 15.0, NULL, 0.6696358), (31, 15.0, 30.0, NULL, 0.3424484), (31, 30.0, 90.0, NULL, 0.2069099), (31, 90.0, 150.0, NULL, -0.1922609), (31, 150.0, 1e+99, NULL, 0.599991), (31, NULL, NULL, 'NA', 0.0),
(32, -1e+99, 0.25, NULL, -0.1505468), (32, 0.25, 0.5, NULL, 0.5575997), (32, 0.5, 1e+99, NULL, 1.5669007), (32, NULL, NULL, 'NA', 0.0),
(33, -1e+99, 0.02931627, NULL, 0.0534684), (33, 0.02931627, 0.09878048, NULL, -0.1572002), (33, 0.09878048, 1e+99, NULL, -0.4945224), (33, NULL, NULL, 'NA', 0.0),
(34, -1e+99, 0.2, NULL, 0.9460741), (34, 0.2, 0.5, NULL, 0.6217895), (34, 0.5, 5.0, NULL, 0.4518071), (34, 5.0, 1e+99, NULL, -0.295128), (34, NULL, NULL, 'NA', 0.0),
(35, -1e+99, 2.0, NULL, 0.0881643), (35, 2.0, 2.0, NULL, -0.4862236), (35, 2.0, 1e+99, NULL, -0.4862236), (35, NULL, NULL, 'NA', 0.0),
(36, -1e+99, 0.07915658, NULL, 1.064964), (36, 0.07915658, 0.78055558, NULL, 0.129313), (36, 0.78055558, 1e+99, NULL, -0.1383283), (36, NULL, NULL, 'NA', 0.0),
(37, -1e+99, 1e-10, NULL, -0.2918493), (37, 1e-10, 1.01, NULL, 0.0589094), (37, 1.01, 1e+99, NULL, 0.2244582), (37, NULL, NULL, 'NA', 0.0),
(38, NULL, NULL, '1', -0.2666), (38, NULL, NULL, '2', -0.2666), (38, NULL, NULL, '3', 1.8993), (38, NULL, NULL, '4', 4.0652),
(39, NULL, NULL, '1', -1.2974), (39, NULL, NULL, '2', -0.4366), (39, NULL, NULL, '3', 0.4242), (39, NULL, NULL, '4', 1.285), (39, NULL, NULL, '5', 2.1458),
(40, NULL, NULL, '1', -0.7966), (40, NULL, NULL, '2', -0.7966), (40, NULL, NULL, '3', -0.7966), (40, NULL, NULL, '4', 0.7561), (40, NULL, NULL, '5', 1.5324), (40, NULL, NULL, '6', -0.0203),
(41, NULL, NULL, '1', -0.6988), (41, NULL, NULL, '2', 0.6988), (41, NULL, NULL, '3', 0.6988), (41, NULL, NULL, '4', 1.4271), (41, NULL, NULL, '5', 1.4271),
(42, NULL, NULL, '1', -0.5147), (42, NULL, NULL, '2', -0.5147), (42, NULL, NULL, '3', -0.5147), (42, NULL, NULL, '4', 1.0802), (42, NULL, NULL, '5', 2.6751),
(43, NULL, NULL, '1', -0.9132), (43, NULL, NULL, '2', -0.9132), (43, NULL, NULL, '3', 0.274), (43, NULL, NULL, '4', 1.4612),
(44, NULL, NULL, '1', -1.5167), (44, NULL, NULL, '2', -0.4546), (44, NULL, NULL, '3', -0.4546), (44, NULL, NULL, '4', -0.4546), (44, NULL, NULL, '5', 0.6075), (44, NULL, NULL, '6', 1.6697),
(45, NULL, NULL, '1', -0.2951), (45, NULL, NULL, '2', 1.6176), (45, NULL, NULL, '3', 3.5304), (45, NULL, NULL, '4', 3.5304),
(46, NULL, NULL, '1', -0.2687), (46, NULL, NULL, '2', -0.268), (46, NULL, NULL, '3', 2.3838), (46, NULL, NULL, '4', 5.0363),
(47, NULL, NULL, '1', -0.6673), (47, NULL, NULL, '2', 0.6562), (47, NULL, NULL, '4', 1.9796), (47, NULL, NULL, '4', 1.9796),
(48, NULL, NULL, '1', -0.525), (48, NULL, NULL, '2', 1.6498), (48, NULL, NULL, '3', 3.8247), (48, NULL, NULL, '4', 3.8247),
(49, NULL, NULL, '1', -0.6961), (49, NULL, NULL, '2', 1.1181), (49, NULL, NULL, '3', 1.1181), (49, NULL, NULL, '4', 2.9323), (49, NULL, NULL, '5', 0.0), (49, NULL, NULL, '6', 0.0),
(50, NULL, NULL, '1', -0.9299), (50, NULL, NULL, '2', 0.7748), (50, NULL, NULL, '3', 0.7748), (50, NULL, NULL, '4', 2.4795),
(51, NULL, NULL, '1', -0.558), (51, NULL, NULL, '2', -0.558), (51, NULL, NULL, '3', 0.6305), (51, NULL, NULL, '4', 1.819), (51, NULL, NULL, '5', 1.819), (51, NULL, NULL, '6', 3.0075),
(52, NULL, NULL, '1', -1.2028), (52, NULL, NULL, '2', 0.1948), (52, NULL, NULL, '3', 0.1948), (52, NULL, NULL, '4', 1.5925), (52, NULL, NULL, '5', 1.5925), (52, NULL, NULL, '6', 2.9901),
(53, NULL, NULL, '1', -0.6041), (53, NULL, NULL, '2', 1.5276), (53, NULL, NULL, '3', 3.6593),
(54, NULL, NULL, '1', -0.3137), (54, NULL, NULL, '2', -0.3137), (54, NULL, NULL, '3', 2.5966), (54, NULL, NULL, '4', 2.5966), (54, NULL, NULL, '5', 5.507),
(55, NULL, NULL, '1', -0.2981), (55, NULL, NULL, '2', 3.1242), (55, NULL, NULL, '3', 3.1242), (55, NULL, NULL, '4', 6.5465),
(56, NULL, NULL, '1', 2.4139), (56, NULL, NULL, '2', 0.4403), (56, NULL, NULL, '3', 0.4403), (56, NULL, NULL, '4', 0.4403), (56, NULL, NULL, '5', 0.4403), (56, NULL, NULL, '6', -1.5333),
(57, NULL, NULL, '1', -0.3015), (57, NULL, NULL, '2', 2.7811), (57, NULL, NULL, '3', 5.8637), (57, NULL, NULL, '4', 5.8637),
(58, NULL, NULL, '1', -0.4376), (58, NULL, NULL, '2', 2.1795), (58, NULL, NULL, '3', 2.1795), (58, NULL, NULL, '4', 2.1795), (58, NULL, NULL, '5', 4.7967),
(59, NULL, NULL, '1', -0.5339), (59, NULL, NULL, '2', 1.3526), (59, NULL, NULL, '3', 3.239), (59, NULL, NULL, '4', 3.239), (59, NULL, NULL, '5', 0.0),
(60, NULL, NULL, '1', -0.8628), (60, NULL, NULL, '2', -0.8628), (60, NULL, NULL, '3', 1.155), (60, NULL, NULL, '4', 1.155),
(61, NULL, NULL, '1', -1.341), (61, NULL, NULL, '2', 0.212), (61, NULL, NULL, '3', 0.212), (61, NULL, NULL, '4', 1.765), (61, NULL, NULL, '5', 3.3181),
(62, NULL, NULL, '1', -0.1924), (62, NULL, NULL, '2', 2.2779), (62, NULL, NULL, '3', 2.2779), (62, NULL, NULL, '4', -2.6628),
(63, NULL, NULL, '1', -0.69), (63, NULL, NULL, '2', 1.45), (63, NULL, NULL, '3', -0.69),
(64, NULL, NULL, '1', 0.52), (64, NULL, NULL, '2', -1.89), (64, NULL, NULL, '3', 0.52),
(65, NULL, NULL, '1', -0.57), (65, NULL, NULL, '2', -0.57), (65, NULL, NULL, '3', 1.43), (65, NULL, NULL, '4', 3.43),
(66, NULL, NULL, '1', -1.63), (66, NULL, NULL, '2', -0.72), (66, NULL, NULL, '3', 0.18), (66, NULL, NULL, '4', 0.18), (66, NULL, NULL, '5', 1.09), (66, NULL, NULL, '6', 1.0915),
(67, NULL, NULL, '1', -0.37), (67, NULL, NULL, '2', 1.41), (67, NULL, NULL, '3', 3.18), (67, NULL, NULL, '4', 3.18),
(68, NULL, NULL, '1', 0.8163), (68, NULL, NULL, '2', 0.8163), (68, NULL, NULL, '3', -1.2755), (68, NULL, NULL, '4', 0.2296),
(69, NULL, NULL, '1', -0.1922), (69, NULL, NULL, '2', -0.1922), (69, NULL, NULL, '3', 5.1326), (69, NULL, NULL, '4', 0.0),
(70, NULL, NULL, '1', -0.8593), (70, NULL, NULL, '2', -0.8593), (70, NULL, NULL, '3', 1.1455), (70, NULL, NULL, '4', 1.1455),
(71, NULL, NULL, '1', -1.2235), (71, NULL, NULL, '2', -1.2235), (71, NULL, NULL, '3', 1.9005), (71, NULL, NULL, '4', 1.9005), (71, NULL, NULL, '5', 0.3385),
(72, NULL, NULL, '1', -0.2443), (72, NULL, NULL, '2', -0.2443), (72, NULL, NULL, '3', -1.4803), (72, NULL, NULL, '4', -1.4803), (72, NULL, NULL, '5', 0.9916), (72, NULL, NULL, '6', 0.9916),
(73, NULL, NULL, '1', -0.9533), (73, NULL, NULL, '2', -0.9533), (73, NULL, NULL, '3', 1.0348), (73, NULL, NULL, '4', 1.0348), (73, NULL, NULL, '5', 1.0348),
(74, NULL, NULL, '1', -0.8668), (74, NULL, NULL, '2', -0.8668), (74, NULL, NULL, '3', 1.1392),
(75, NULL, NULL, '1', -1.1152), (75, NULL, NULL, '2', 0.0845), (75, NULL, NULL, '3', 1.2841), (75, NULL, NULL, '4', 2.4837),
(76, NULL, NULL, '1', 0.6393), (76, NULL, NULL, '2', -0.9106), (76, NULL, NULL, '3', -0.1356), (76, NULL, NULL, '4', -0.9106), (76, NULL, NULL, '5', 1.4143),
(77, NULL, NULL, '1', -0.6135), (77, NULL, NULL, '2', 1.1777), (77, NULL, NULL, '3', 1.1777), (77, NULL, NULL, '4', 2.9688);

-- ==========================================
-- C. INSERT SCENARIOS (Data from Scenario 0 & 1)
-- ==========================================

-- 1. SCENARIO 0 (Baseline)
INSERT INTO "ScorecardScenario" (id, name, calibration) VALUES (1, 'Scenario 0', -1.0754);

INSERT INTO "ScorecardModuleConfig" (scenarioId, module, weight, intercept) VALUES
(1, 'Application', 0.10, -2.4053),
(1, 'Bureau Commercial', 0.25, -2.1279),
(1, 'Bureau Individual', 0.25, -2.3207),
(1, 'Internal Deposit', 0.075, -1.9105),
(1, 'Cash Flow', 0.075, 0.0),
(1, 'Financial', 0.0, -2.4238),
(1, 'Industry Survey Trading', 0.30, 0.0),
(1, 'Industry Survey Manufacturing', 0.30, 0.0),
(1, 'Industry Survey Services', 0.30, 0.0),
(1, 'Base Survey', 0.30, 0.0);

-- 2. SCENARIO 1 (Updated)
INSERT INTO "ScorecardScenario" (id, name, calibration) VALUES (2, 'Scenario 1', -0.9101);

INSERT INTO "ScorecardModuleConfig" (scenarioId, module, weight, intercept) VALUES
(2, 'Application', 0.15, -2.4053),
(2, 'Bureau Commercial', 0.15, -2.1279),
(2, 'Bureau Individual', 0.15, -2.3207),
(2, 'Internal Deposit', 0.075, -1.9105),
(2, 'Cash Flow', 0.075, 0.0),
(2, 'Financial', 0.0, -2.4238),
(2, 'Industry Survey Trading', 0.30, 0.0),
(2, 'Industry Survey Manufacturing', 0.30, 0.0),
(2, 'Industry Survey Services', 0.30, 0.0),
(2, 'Base Survey', 0.30, 0.0);

COMMIT;
